Composition,YS (MPa),radius,radius_diff,VEC,VEC_diff,Hmix,Smix,allen_en,allen_diff,ion,ion_diff,melting,melting_diff,GGA,GGA_diff,c11,c11_diff,delta
Al0.0154Co0.1231Cr0.1231Cu0.1231Fe0.1231Mn0.1231Ni0.1231Ti0.1231V0.1231,1862,1.313341,5.46,7.43,31.5,-8.85,17.69,1.7088482,0.165,7.345738030000001,6.81,1786.84356,15.61,-1.701668,192.33,256.87949000000003,30.34,0.59
Al0.0174Cu0.3275Mn0.3275Ni0.3275,330,1.292307,3.76,9.22,20.36,-0.96,9.7,1.8227662000000002,0.062,7.571218420000001,3.22,1522.6118999999999,11.11,-0.06830999999999998,3166.34,266.93595,35.45,0.69
Al0.0196Co0.1961Cr0.1961Fe0.1961Mn0.1961Ni0.1961,1631,1.2830679999999999,3.52,7.9,19.78,-5.24,13.92,1.7808268,0.082,7.4952312,6.19,1773.1954999999998,12.9,-1.850232,188.39,298.98769999999996,22.06,1.12
Al0.0196Cr0.1961Fe0.3922Mn0.2451Ni0.1471,354,1.290419,3.47,7.56,18.3,-3.46,11.56,1.7666128,0.074,7.48934354,6.23,1770.7985,13.32,-3.233589,125.13,290.18409,25.81,0.96
Al0.0303Co0.1212Cr0.1212Cu0.1212Fe0.1212Mn0.1212Ni0.1212Ti0.1212V0.1212,1465,1.314717,5.52,7.36,32.4,-9.52,17.89,1.7068899000000002,0.164,7.32297066,7.14,1773.3953700000002,16.67,-1.632261,201.85,254.53060499999998,31.22,0.59
Al0.0357Cu0.3214Mn0.3214Ni0.3214,515,1.294869,3.99,9.11,22.41,-1.93,10.09,1.8188561,0.067,7.541677340000001,4.28,1511.6373899999999,12.28,-0.013958999999999944,15607.9,263.952135,36.45,0.63
Al0.0385Co0.1923Cr0.1923Fe0.1923Mn0.1923Ni0.1923,220,1.2857750000000001,3.82,7.81,21.61,-6.24,14.22,1.7774165,0.085,7.465394659999999,6.76,1756.8324499999999,14.47,-1.7594309999999997,199.6,295.252075,23.86,0.97
Al0.0455Co0.1818Cr0.1818Cu0.1364Fe0.1818Ni0.1818Ti0.0909,750,1.2913700000000001,5.35,8.0,29.2,-7.28,15.55,1.7546795,0.146,7.4353148,7.43,1754.3617899999995,16.27,-1.5201339999999999,241.69,246.37320499999998,27.8,0.54
Al0.0476Mo0.2381Ta0.2381Ti0.2381V0.2381,1021,1.422857,4.16,4.9,16.55,-5.67,12.57,1.4372822,0.084,7.08432197,7.13,2485.4358,25.37,-0.050057999999999936,6385.92,270.569943,42.76,0.73
Al0.0566Co0.1887Cr0.1887Fe0.1887Mn0.1887Ni0.1887,1836,1.288618,4.07,7.72,23.25,-7.16,14.43,1.7744998,0.087,7.43829412,7.24,1741.5124,15.83,-1.6728540000000003,211.3,291.73384999999996,25.48,0.87
Al0.0566Cr0.1887Fe0.3774Mn0.2358Ni0.1415,550,1.295562,3.97,7.39,21.8,-5.26,12.16,1.7606408,0.079,7.43187514,7.27,1739.0439,16.16,-3.00396,137.65,283.23026000000004,28.72,0.77
Al0.0566Hf0.1887Nb0.1887Ta0.1887Ti0.1887Zr0.1887,1188,1.532041,5.5,4.32,13.32,-3.99,14.43,1.3374706,0.108,6.931238349999999,7.22,2424.9838000000004,24.15,-2.8654379999999997,125.26,194.86093100000002,25.43,0.48
Al0.0566Nb0.2358Ti0.2358V0.2358Zr0.2358,1240,1.4650840000000003,6.13,4.41,13.53,-5.99,12.68,1.4212078000000001,0.088,6.69768562,2.8,2165.3683,19.44,-2.60934,96.36,190.20184999999998,24.6,0.34
Al0.0588Mo0.2353Nb0.2353Ti0.2353V0.2353,1250,1.4158819999999999,3.65,4.88,17.05,-6.25,12.71,1.4572314,0.068,6.8052557799999995,3.61,2342.947,22.26,-1.460696,194.74,265.41279,43.99,0.95
Al0.0588Nb0.2353Ta0.2353Ti0.2353V0.2353,1330,1.439412,3.96,4.65,12.65,-4.81,12.71,1.4252306,0.085,6.99293106,7.6,2432.1257000000005,25.85,-1.00892,330.29,217.53629899999999,21.03,0.81
Al0.0588Nb0.2353Ta0.2353Ti0.2353Zr0.2353,1745,1.5005899999999999,3.8,4.41,13.6,-3.93,12.71,1.3758176,0.069,6.96648334,7.83,2423.8902000000003,26.09,-2.001886,167.57,197.465209,27.52,0.88
Al0.0599Nb0.1999Ta0.1599Ti0.28V0.04Zr0.2602,1965,1.497282,4.48,4.34,13.52,-4.85,13.46,1.3828482999999998,0.075,6.8791533099999995,6.99,2307.12065,25.54,-2.437421,129.7,189.213132,27.36,0.67
Al0.0599Nb0.1999Ta0.1999Ti0.28Zr0.2602,1965,1.503282,3.92,4.34,13.52,-4.4,12.63,1.3750083,0.069,6.924901309999999,7.49,2351.48065,26.26,-2.336221,140.93,190.474332,27.87,0.82
Al0.0706Co0.1859Cr0.1859Fe0.1859Mn0.1859Ni0.1859,244,1.290718,4.24,7.65,24.45,-7.85,14.56,1.7721057999999998,0.088,7.41675036,7.59,1729.5242,16.79,-1.6057380000000003,221.13,288.98915,26.68,0.81
Al0.0769Co0.3077Fe0.3077Ni0.3077,158,1.263842,3.85,8.54,20.85,-6.06,10.69,1.8225436999999998,0.068,7.667626659999999,6.5,1703.21155,13.18,-2.125509,195.4,248.584315,21.12,0.72
Al0.077Co0.1154Cr0.1154Cu0.1154Fe0.1154Mn0.1154Ni0.1154Ti0.1154V0.1154,1461,1.320656,5.68,7.16,35.02,-11.47,18.22,1.7028729999999999,0.161,7.26074774,8.06,1733.4779399999998,19.61,-1.416922,236.78,247.49011000000002,33.84,0.56
Al0.077Co0.2884Cr0.1923Fe0.1923Ni0.1923Ti0.0577,2012,1.2861690000000001,5.21,7.67,27.86,-11.84,13.9,1.759442,0.131,7.417641,8.27,1782.492,15.95,-1.580049,233.69,262.67084,25.44,0.51
Al0.0792Co0.1842Cr0.1842Fe0.1842Mn0.1842Ni0.1842,285,1.292136,4.34,7.61,25.16,-8.26,14.62,1.7708136,0.089,7.4042688000000005,7.79,1722.339,17.36,-1.5647039999999999,227.52,287.33340000000004,27.39,0.78
Al0.0893Co0.1821Cr0.1821Fe0.1821Mn0.1821Ni0.1821,331,1.293139,4.46,7.55,26.0,-8.72,14.69,1.7683729000000001,0.09,7.38571666,8.01,1712.9744500000002,18.01,-1.515507,235.54,285.23217500000004,28.22,0.74
Al0.08Hf0.12Nb0.2Ta0.2Ti0.2Zr0.2,1841,1.5188000000000001,5.11,4.32,14.22,-6.33,14.5,1.35704,0.105,6.920076000000001,7.68,2388.64,26.68,-2.4344,147.37,193.61800000000005,27.1,0.56
Al0.0909Co0.1818Cr0.1818Cu0.0909Fe0.1818Ni0.1818Ti0.0909,1580,1.2980520000000002,5.76,7.64,32.19,-10.84,15.74,1.7437347,0.148,7.355518920000001,8.5,1735.0173899999995,18.63,-1.4144039999999998,266.09,243.562005,29.87,0.47
Al0.0909Co0.1818Cr0.1818Fe0.1818Mn0.1818Ni0.1818,1932,1.2935070000000002,4.47,7.54,26.14,-8.79,14.7,1.7682776999999996,0.09,7.3840069800000006,8.05,1711.7833500000002,18.11,-1.508031,236.82,284.948775,28.35,0.74
Al0.0909Cr0.1818Fe0.3636Mn0.2273Ni0.1364,994,1.300454,4.33,7.23,24.65,-6.79,12.51,1.7552786999999999,0.082,7.379297579999999,8.07,1709.71845,18.39,-2.7906739999999997,150.65,276.82255499999997,31.22,0.67
Al0.0909Hf0.1818Nb0.1818Ta0.1818Ti0.1818Zr0.1818,1302,1.528029,5.55,4.27,14.44,-7.67,14.7,1.3472288999999997,0.118,6.8954922000000005,7.57,2370.26295,26.96,-2.6570069999999997,138.57,191.61810899999998,26.81,0.48
Al0.0999Nb0.2001Ta0.1599Ti0.3V0.0399Zr0.2001,2035,1.48788,4.24,4.3,14.89,-8.61,13.78,1.3957653,0.085,6.85712907,7.42,2255.74035,28.76,-2.2125209999999997,150.95,188.13922200000002,28.32,0.77
Al0.1007Co0.1799Cr0.1799Fe0.1799Mn0.1799Ni0.1799,526,1.2953610000000002,4.58,7.5,26.88,-9.24,14.75,1.7671370999999998,0.091,7.37118374,8.26,1703.92855,18.7,-1.461633,244.99,283.118325,29.11,0.7
Al0.1103Co0.1779Cr0.1779Fe0.1779Mn0.1779Ni0.1779,833,1.296289,4.67,7.45,27.61,-9.65,14.79,1.7647819,0.092,7.353401020000001,8.46,1694.9921499999998,19.27,-1.4148329999999998,253.63,281.11512500000003,29.86,0.68
Al0.1111Cr0.2222Fe0.2222Mn0.2222Ni0.2222,1091,1.3032030000000001,4.59,7.22,28.29,-9.28,13.14,1.7523803,0.093,7.27373922,8.3,1699.33005,20.09,-1.4009710000000002,281.25,280.03310500000003,31.62,0.62
Al0.1111Mo0.1111Nb0.2222Ta0.1111Ti0.2222Zr0.2222,2350,1.485407,4.5,4.44,18.73,-10.52,14.43,1.4039707,0.087,6.82267322,6.89,2298.71455,28.54,-1.9453610000000001,164.02,215.00960800000004,47.37,0.71
Al0.1111Mo0.2222Nb0.2222Ti0.2222V0.2222,1625,1.416525,3.55,4.78,19.17,-8.99,13.14,1.4657422999999998,0.075,6.75903514,4.49,2264.38465,26.54,-1.2209889999999999,240.41,256.56878500000005,46.43,1.04
Al0.1111Nb0.2222Ta0.2222Ti0.2222V0.2222,1014,1.438745,3.86,4.56,15.02,-8.39,13.14,1.4355231,0.093,6.93626186,8.16,2348.5984500000004,29.84,-0.7943649999999999,422.58,211.357751,24.22,0.88
Al0.1228Co0.1754Cr0.1754Fe0.1754Mn0.1754Ni0.1754,2230,1.2981639999999999,4.79,7.38,28.57,-10.18,14.83,1.7626444000000001,0.093,7.33416552,8.7,1684.2884,19.98,-1.354908,265.58,278.6645,30.81,0.65
Al0.1228Cr0.1754Fe0.3509Mn0.2193Ni0.1316,942,1.304997,4.62,7.08,27.06,-8.1,12.72,1.7502894,0.085,7.330438679999999,8.71,1682.4827,20.23,-2.5931749999999996,164.21,270.84808,33.41,0.6
Al0.12Cr0.2001Fe0.2001Ni0.4798,441,1.2788080000000002,4.71,7.96,30.04,-10.7,10.4,1.7859289999999999,0.108,7.31901888,8.55,1728.1486,19.14,-0.0067109999999999115,58412.14,245.06496,26.35,0.47
Al0.1304Cr0.2174Fe0.2174Mn0.2174Ni0.2174,1130,1.3060820000000002,4.75,7.13,29.62,-10.06,13.24,1.7495272,0.094,7.2465026,8.64,1682.8778000000002,21.13,-1.308862,301.51,276.30026,32.99,0.59
Al0.1304Hf0.1739Nb0.1739Ta0.1739Ti0.1739Zr0.1739,1415,1.523763,5.6,4.22,15.56,-11.55,14.85,1.3587708,0.127,6.85593611,7.92,2307.8253,29.91,-2.4177160000000004,156.01,187.92975700000002,28.27,0.47
Al0.1304Mo0.2174Ta0.2174Ti0.2174V0.2174,962,1.4234780000000002,3.97,4.74,19.88,-10.02,13.24,1.4525588,0.094,6.98881838,8.2,2350.5132000000003,31.67,0.20206799999999997,1564.79,256.327722,46.74,0.84
Al0.1334Co0.1666Cr0.1666Fe0.1666Ni0.1666Ti0.2,1272,1.326092,7.0,6.7,37.59,-21.97,14.84,1.6856962,0.179,7.19366644,9.3,1749.3001,19.84,-1.8396960000000002,213.01,233.47905000000003,33.13,0.3
Al0.1364Co0.1818Cr0.1818Cu0.0455Fe0.1818Ni0.1818Ti0.0909,1900,1.305005,6.09,7.27,34.75,-14.39,15.55,1.7331362000000001,0.148,7.277094259999999,9.36,1715.9019999999996,20.76,-1.3083369999999999,294.15,240.77830999999998,31.85,0.42
Al0.1398Cr0.2001Fe0.2001Ni0.46,461,1.28257,4.95,7.82,31.59,-11.48,10.61,1.7806424,0.109,7.28626968,8.94,1712.4571,20.37,0.007545000000000135,52075.31,242.26623,27.81,0.43
Al0.1428Co0.1428Cu0.1428Fe0.1428Ni0.4288,268,1.277128,5.0,8.71,28.59,-5.96,12.26,1.8204524,0.089,7.487917920000001,8.31,1577.7878799999999,18.85,0.0022799999999999487,153874.87,221.78910000000002,27.19,0.49
Al0.1429Co0.1429Cr0.1429Cu0.1429Fe0.1429Mn0.1429Ni0.1429,1005,1.3018189999999998,4.81,7.72,32.27,-5.64,16.18,1.7695307000000002,0.095,7.33582866,8.96,1606.0673900000002,22.06,-0.907415,375.48,255.65524499999998,36.02,0.7
Al0.1429Co0.1429Cr0.1429Cu0.1429Fe0.1429Ni0.1429V0.1429,1469,1.30039,4.74,7.43,35.87,-7.76,16.18,1.7380927,0.127,7.237556329999999,9.47,1697.95209,23.55,-0.4015489999999999,826.56,232.176775,31.45,0.72
Al0.1429Co0.2857Fe0.2857Ni0.2857,346,1.275722,4.97,8.14,27.42,-9.47,11.24,1.8075617000000004,0.085,7.54737906,8.57,1648.17855,17.81,-1.769769,237.46,238.44341500000002,26.18,0.46
Al0.1454Ca0.0098Li0.3691Mg0.466Si0.0098,360,1.557869,4.74,1.8,39.75,-2.56,9.1,1.2025974,0.254,6.56333701,16.18,797.140879,25.25,-0.20169099999999998,690.55,50.002944,67.68,0.41
Al0.1489Cr0.2128Fe0.2128Mn0.2128Ni0.2128,1170,1.308847,4.88,7.04,30.86,-10.76,13.31,1.7467997,0.095,7.220425779999999,8.94,1667.11495,22.08,-1.2205789999999999,323.63,272.723395,34.26,0.56
Al0.1499Ca0.005Li0.38Mg0.4502Si0.0149,342,1.553195,4.53,1.8,41.18,-3.07,9.15,1.2041757,0.262,6.54046299,16.31,796.0549500000001,26.5,-0.18815299999999996,753.87,50.463847,69.65,0.45
Al0.1499Ca0.005Li0.3902Mg0.45Si0.005,300,1.555617,4.26,1.77,40.23,-2.07,8.85,1.1942511,0.254,6.51322726,16.28,784.8564880000001,24.57,-0.156145,886.83,48.94842499999999,68.23,0.49
Al0.1501Ca0.1001Li0.3499Mg0.3499Si0.05,418,1.580025,9.48,1.9,43.72,-7.75,11.64,1.2129442,0.293,6.47994611,16.04,851.9234809999999,32.18,-0.15055899999999997,998.05,51.356375,81.97,0.13
Al0.1539C0.2307Co0.1539Cr0.1539Fe0.1539Ni0.1539,1255,1.207209,14.4,6.46,39.64,-39.68,14.79,1.9386045,0.344,8.165083710000001,22.27,2168.72445,44.68,-2.01978,202.24,427.95592500000004,79.54,0.07
Al0.1539Co0.1539Cr0.1539Fe0.1539Ni0.1539Ti0.2307,2220,1.336401,7.16,6.46,39.64,-23.91,14.79,1.6700697,0.184,7.142598240000001,9.51,1733.39355,21.03,-1.8652109999999997,210.93,226.41640500000003,34.78,0.29
Al0.1579Mo0.2105Nb0.2105Ti0.2105V0.2105,1260,1.417227,3.46,4.68,20.86,-11.12,13.33,1.4734877,0.08,6.718288719999999,5.1,2194.3016500000003,29.9,-1.006645,297.85,248.679475,48.53,1.11
Al0.1601Cr0.2001Fe0.2001Ni0.4398,479,1.286551,5.17,7.68,33.09,-12.22,10.8,1.7754102999999999,0.111,7.25345746,9.3,1696.54195,21.55,0.022374000000000116,17602.29,239.42163499999998,29.25,0.4
Al0.1608Co0.1608Cr0.1608Fe0.1608Ni0.3566,545,1.2849,5.18,7.75,32.1,-11.87,12.83,1.7805984,0.107,7.313576820000001,9.45,1683.2958000000003,21.15,-0.20342100000000007,1795.21,246.02499,29.31,0.48
Al0.1626Co0.1626Cr0.1626Fe0.1626Ni0.3497,545,1.2856519999999998,5.2,7.72,32.26,-11.92,12.88,1.7798638000000002,0.107,7.3114615800000005,9.49,1683.1649,21.27,-0.229113,1599.2,246.05166,29.47,0.48
Al0.1667C0.1667Co0.1667Cr0.1667Fe0.1667Ni0.1667,1251,1.2319129999999998,12.78,6.67,38.39,-33.9,14.9,1.8882109,0.309,7.907464509999999,20.85,2031.32285,43.23,-1.673668,242.8,377.367125,80.46,0.09
Al0.1667Co0.1667Cr0.1667Fe0.1667Ni0.1667Si0.1667,2411,1.3002599999999997,4.96,6.67,38.39,-27.34,14.9,1.7835233000000001,0.113,7.389260889999998,10.35,1675.0849500000002,21.61,-1.1869039999999997,307.38,232.30145100000001,34.09,0.61
Al0.1667Co0.1667Cu0.1667Fe0.1667Ni0.1667Ti0.1667,1612,1.321931,6.98,7.5,39.82,-16.9,14.9,1.7275121,0.178,7.32873212,9.56,1587.8341699999999,21.53,-1.626992,240.16,203.148955,32.1,0.31
Al0.1667Co0.1667Cu0.1667Fe0.1667Ni0.3333,544,1.2834659999999998,5.22,8.5,30.94,-5.89,12.98,1.8106741,0.092,7.463261859999999,8.96,1553.15467,20.25,-0.35361699999999996,1038.45,217.41033499999998,29.49,0.48
Al0.1667Cr0.2083Fe0.2083Mn0.2083Ni0.2083,1200,1.3111260000000002,5.0,6.96,31.99,-11.39,13.35,1.7436511000000001,0.096,7.19313312,9.22,1651.4167499999999,22.95,-1.135064,348.12,269.192495,35.46,0.53
Al0.1667Hf0.1667Nb0.1667Ta0.1667Ti0.1667Zr0.1667,1489,1.520304,5.63,4.17,16.48,-14.78,14.9,1.3697738999999998,0.135,6.82168073,8.2,2251.2001499999997,32.41,-2.1987729999999996,174.65,184.60024599999997,29.52,0.47
Al0.1679Co0.1679Cr0.1679Fe0.1679Ni0.3285,545,1.2871359999999998,5.23,7.65,32.62,-12.03,13.0,1.7765936999999998,0.107,7.30073438,9.62,1681.76305,21.63,-0.30601599999999984,1208.42,245.984085,29.95,0.48
Al0.16Co0.2Cr0.2Fe0.2Ni0.2Ti0.04,968,1.2975999999999999,5.66,7.24,33.44,-13.89,14.21,1.7472800000000002,0.126,7.268696,9.77,1713.08,21.56,-1.1064,352.36,247.77600000000004,31.17,0.44
Al0.1724Co0.1724Cr0.1724Fe0.1724Ni0.1724Si0.1379,2179,1.29918,5.04,6.76,37.79,-25.23,14.87,1.7784056,0.113,7.360689430000001,10.38,1674.2979000000003,21.98,-1.1150179999999998,330.88,234.525162,33.92,0.59
Al0.175Co0.075Cr0.25Fe0.25Ni0.25,2033,1.294,5.13,7.2,33.48,-11.4,12.8,1.752775,0.106,7.2156400000000005,9.91,1711.9625,22.8,-0.8305,502.62,245.18875,31.52,0.49
Al0.1786Co0.1786Cr0.1786Fe0.1786Ni0.1786Si0.1071,1834,1.2987000000000002,5.13,6.86,37.11,-22.76,14.78,1.7738474000000002,0.112,7.333902070000001,10.4,1674.3276,22.37,-1.038542,359.39,237.03118800000004,33.7,0.56
Al0.1799Co0.3003Cr0.0999Fe0.0999Ni0.3201,1129.4,1.2853,5.44,7.84,32.4,-12.47,12.43,1.7891737,0.105,7.35438286,9.72,1644.76585,21.4,-0.08738400000000002,3653.68,247.36668500000002,30.06,0.42
Al0.17Cr0.17Fe0.33Ni0.33,796,1.2891000000000001,5.19,7.47,32.71,-11.23,11.09,1.76911,0.105,7.296732,9.69,1687.0149999999999,21.8,-1.2187000000000001,379.63,232.36649999999997,29.63,0.41
Al0.1802Cr0.1999Fe0.1999Ni0.42,610,1.2902299999999998,5.36,7.54,34.51,-12.87,10.95,1.7699175999999999,0.112,7.21957032,9.62,1680.3429,22.67,0.03885499999999997,10155.64,236.54176999999999,30.62,0.38
Al0.1818C0.0909Co0.1818Cr0.1818Fe0.1818Ni0.1818,1060,1.260783,10.27,6.91,36.74,-25.25,14.7,1.8279989999999997,0.248,7.60017627,17.89,1868.0858999999996,38.74,-1.2635099999999997,316.53,317.37735,75.56,0.14
Al0.1818Co0.1818Cr0.1818Fe0.1818Mo0.0909Ni0.1818,2757,1.304415,5.52,7.09,33.73,-11.44,14.7,1.7303723999999998,0.13,7.22131416,9.91,1783.5488999999998,28.87,-0.5981219999999997,622.88,265.35528,37.32,0.48
Al0.1818Co0.1818Cr0.1818Fe0.1818Nb0.0909Ni0.1818,2473,1.310778,6.24,7.0,34.99,-16.53,14.7,1.7249184,0.142,7.1909990100000005,10.11,1770.0047999999997,27.51,-0.9817199999999996,381.38,245.6118,31.21,0.38
Al0.1818Co0.1818Cr0.1818Fe0.1818Ni0.1818Ti0.0909,2260,1.311687,6.36,6.91,36.74,-17.91,14.7,1.7221913999999998,0.148,7.19729838,10.06,1696.5575999999996,22.71,-1.2026069999999995,326.66,237.96711,33.74,0.36
Al0.1818Co0.1818Cu0.1818Fe0.1818Ni0.2726,680,1.287144,5.33,8.36,32.37,-5.68,13.25,1.8040013999999998,0.094,7.44567354,9.35,1537.13718,21.07,-0.5790329999999999,648.38,214.57854,30.88,0.47
Al0.1818Cr0.1818Cu0.1818Fe0.1818Mn0.1818W0.0909,1510,1.331685,4.74,6.91,36.22,0.33,14.7,1.7085564,0.114,7.23647628,9.83,1742.57118,41.57,-1.3416839999999999,266.23,271.79918100000003,47.26,0.65
Al0.1818Cr0.2726Nb0.1818Ti0.1818V0.1818,1700,1.39077,5.09,4.73,22.25,-13.75,13.25,1.5285743999999999,0.109,6.62991876,4.6,1992.9825,28.23,-0.6990209999999999,417.3,227.98629,36.5,0.51
Al0.1818Nb0.1818Ti0.1818V0.1818Zr0.2726,1535,1.47258,6.07,4.18,17.12,-17.32,13.25,1.4385833999999997,0.108,6.593895089999999,4.47,1991.619,28.24,-1.9534409999999998,150.72,174.42801000000003,29.24,0.36
Al0.1852C0.0741Co0.1852Cr0.1852Fe0.1852Ni0.1852,1056,1.267527,9.59,6.96,36.37,-23.08,14.59,1.8151220000000001,0.23,7.53399823,16.95,1832.3525999999997,37.09,-1.1728099999999997,339.33,304.1469,72.67,0.16
Al0.1852Co0.1852Cr0.1852Fe0.1852Mo0.0741Ni0.1852,2670,1.3030950000000001,5.51,7.11,33.88,-11.61,14.59,1.7355386,0.127,7.2251568399999995,9.99,1763.4396,28.19,-0.6303979999999998,595.29,261.73947000000004,36.75,0.48
Al0.1852Co0.1852Cr0.1852Fe0.1852Ni0.1852Si0.0741,1481,1.297908,5.21,6.96,36.37,-19.84,14.59,1.7685871999999998,0.11,7.30365097,10.41,1674.0009,22.79,-0.9564379999999997,394.77,239.663598,33.44,0.54
Al0.186C0.0003Co0.2359Fe0.3419Ni0.2359,1202,1.284438,5.47,7.78,30.91,-11.01,11.34,1.7937492000000002,0.092,7.47992417,9.68,1617.1668,20.42,-2.0918719999999995,212.39,228.40738,29.38,0.38
Al0.1887C0.0566Co0.1887Cr0.1887Fe0.1887Ni0.1887,867,1.2742820000000001,8.8,7.02,35.92,-20.71,14.43,1.8013425000000003,0.209,7.46355548,15.82,1794.78185,34.99,-1.0781699999999999,366.97,290.314025,68.43,0.19
Al0.1887Co0.1887Cr0.1887Fe0.1887Mo0.0566Ni0.1887,2649,1.3014500000000002,5.49,7.13,34.04,-11.78,14.43,1.7405541000000002,0.122,7.22765234,10.08,1742.1438500000002,27.37,-0.6638580000000001,569.4,257.92184499999996,36.04,0.48
Al0.18Co0.3Cr0.0999Fe0.0999Mo0.0201Ni0.3,1250.8,1.288083,5.52,7.76,32.66,-12.46,13.05,1.780542,0.113,7.341614400000001,9.73,1667.7251999999999,23.56,-0.10640100000000008,2990.47,251.61879,31.92,0.43
Al0.18Co0.3Cr0.0999Fe0.0999Mo0.03Ni0.2901,1198.3,1.289568,5.56,7.72,32.77,-12.45,13.26,1.7764830000000003,0.117,7.336195140000001,9.74,1679.2488,24.48,-0.11620199999999992,2733.61,253.75323000000003,32.72,0.43
Al0.18Co0.3Cr0.1001Fe0.1001Mo0.0099Ni0.3099,1159.7,1.2866929999999999,5.48,7.8,32.53,-12.47,12.8,1.78485,0.109,7.34783962,9.73,1656.1222,22.52,-0.09831199999999984,3243.79,249.4584,31.02,0.43
Al0.1905Co0.1905Cr0.1905Fe0.1905Nb0.0476Ni0.1905,1959,1.303936,5.89,7.1,34.75,-14.66,14.34,1.7402775,0.127,7.21306114,10.23,1724.09935,26.03,-0.8819380000000001,431.3,245.61977499999998,31.95,0.41
Al0.1905Cr0.1905Fe0.1905Mo0.0952Ni0.1905Ti0.1429,618.8,1.3387060000000002,6.52,6.29,38.99,-18.62,14.68,1.6597874999999997,0.167,7.04095326,9.45,1808.1774499999997,29.29,-1.035086,403.36,242.73502499999998,43.1,0.35
Al0.1923C0.0385Co0.1923Cr0.1923Fe0.1923Ni0.1923,906,1.281139,7.9,7.08,35.46,-18.14,14.22,1.7869149,0.184,7.389974050000001,14.45,1755.75565,32.31,-0.980208,400.93,275.982325,62.07,0.23
Al0.1923Co0.1923Cr0.1923Fe0.1923Mo0.0385Ni0.1923,2456,1.2996189999999999,5.46,7.15,34.19,-11.95,14.22,1.7455659,0.118,7.2295099,10.17,1719.9506500000002,26.38,-0.698388,545.19,253.948775,35.17,0.48
Al0.1923Co0.1923Cr0.1923Fe0.1923Ni0.1923Si0.0385,1265,1.296924,5.31,7.08,35.46,-16.39,14.22,1.7627369,0.108,7.270292949999999,10.39,1673.4811499999998,23.23,-0.867788,440.18,242.478855,33.13,0.5
Al0.1961C0.0196Co0.1961Cr0.1961Fe0.1961Ni0.1961,957,1.2885639999999998,6.8,7.14,34.98,-15.35,13.92,1.7722087000000002,0.151,7.31461938,12.69,1715.34655,28.72,-0.8780740000000001,444.12,261.06737499999997,51.88,0.3
Al0.1961Co0.1961Cr0.1961Fe0.1961Mo0.0196Ni0.1961,1804,1.297972,5.44,7.18,34.31,-12.14,13.92,1.7511583000000002,0.112,7.23292854,10.26,1697.11855,25.18,-0.7346020000000001,522.21,249.85029500000002,34.09,0.47
Al0.1961Co0.1961Cr0.1961Fe0.1961Nb0.0196Ni0.1961,1641,1.2993439999999998,5.62,7.16,34.59,-13.32,13.92,1.7499823,0.115,7.22639194,10.31,1694.19815,24.76,-0.817314,469.87,245.59317500000003,32.42,0.44
Al0.1961Cr0.1961Cu0.1961Fe0.1961Mn0.1961W0.0196,1250,1.325818,4.63,6.98,37.05,-1.28,13.92,1.7276263,0.096,7.179651059999999,9.84,1590.94211,31.32,-1.307577,283.55,252.196829,44.31,0.65
Al0.1961Cr0.1961Fe0.1961Mo0.098Ni0.1961Ti0.1176,1314.5,1.334695,6.41,6.35,38.68,-17.62,14.61,1.6678703000000001,0.163,7.046504919999999,9.57,1804.31055,29.75,-0.902963,461.11,245.080305,42.94,0.36
Al0.198Cr0.198Cu0.198Fe0.198Mn0.198W0.0099,1120,1.3247190000000002,4.62,6.99,37.15,-1.51,13.71,1.7298270000000002,0.092,7.1702928,9.84,1569.9618,28.99,-1.3026419999999999,285.97,249.473961,43.69,0.64
Al0.1991Ca0.05Li0.2999Mg0.3499Si0.1001Y0.001,556,1.5418099999999997,8.66,2.1,44.93,-11.83,11.95,1.2916893999999999,0.326,6.612011160000001,16.21,900.382581,35.26,-0.18839399999999992,945.93,63.54410299999999,75.35,0.16
Al0.1Co0.2Cr0.2Fe0.2Ni0.2Ti0.1,1100,1.3,6.02,7.3,31.86,-15.52,14.53,1.7333000000000003,0.151,7.319240000000001,8.8,1773.0500000000002,17.77,-1.608,242.23,251.115,28.71,0.4
Al0.1Cr0.2Nb0.2Ti0.4V0.1,1240,1.4169999999999998,4.91,4.6,19.92,-10.96,12.23,1.4783,0.113,6.70947,3.63,2056.75,23.22,-2.3000000000000003,135.81,215.76500000000001,34.71,0.51
Al0.2001Nb0.3Ta0.0999Ti0.3Zr0.0999,1280,1.473834,3.08,4.2,17.82,-15.12,12.51,1.4248959,0.098,6.72482619,7.42,2127.8539499999997,34.53,-2.0696519999999996,164.5,184.353312,30.93,1.32
Al0.2041Cr0.2041Fe0.2041Mo0.102Ni0.2041Ti0.0816,2185.1,1.3291750000000002,6.22,6.45,38.11,-16.06,14.42,1.6796143,0.155,7.05541132,9.73,1799.0625499999999,30.41,-0.715003,579.06,248.45390500000002,42.66,0.37
Al0.2083Co0.2083Cu0.2083Fe0.2083Ni0.1667,1021,1.294034,5.48,8.12,34.71,-5.03,13.35,1.7929509000000001,0.096,7.4174881400000015,9.99,1509.63283,22.39,-0.973883,396.68,209.695915,33.18,0.44
Al0.2083Cr0.2083Fe0.2083Mo0.1667Ni0.2083,1513,1.3211220000000001,5.61,6.62,35.91,-11.14,13.35,1.6912759000000002,0.14,7.07594328,9.75,1856.02225,33.0,-0.19948300000000002,1975.49,269.07018500000004,42.9,0.42
Al0.2105Co0.1579Cr0.2105Fe0.2105Ni0.2105,1331,1.29829,5.47,7.1,35.36,-12.58,13.33,1.7520375000000001,0.107,7.2002969000000006,10.47,1667.9409500000002,24.35,-0.707856,558.68,242.287915,33.52,0.45
Al0.2105Cr0.2105Fe0.2105Mo0.1053Ni0.2105Ti0.0526,2161.7,1.324604,6.05,6.53,37.63,-14.67,14.17,1.6888805000000002,0.148,7.06188004,9.85,1794.7665499999998,30.93,-0.5634189999999998,730.32,251.166675,42.42,0.39
Al0.2222Co0.1111Cr0.2222Fe0.2222Ni0.2222,1349,1.300981,5.54,7.0,36.26,-12.84,13.14,1.7471586000000001,0.108,7.1625059,10.56,1662.3893,25.06,-0.6366029999999999,636.37,238.68723999999997,34.33,0.43
Al0.2222Co0.2222Cu0.2222Fe0.2222Ni0.1111,929,1.297648,5.53,8.0,35.84,-4.54,13.14,1.7871546000000003,0.096,7.4027041,10.3,1495.20602,23.03,-1.180993,330.49,207.13484000000003,34.34,0.43
Al0.2222Cr0.1111Nb0.2222Ti0.2222V0.2222,1300,1.4109699999999998,4.41,4.44,21.53,-15.4,13.14,1.5016276,0.103,6.59982884,5.0,1962.5815,31.49,-1.0565609999999999,294.73,203.14635,35.05,0.68
Al0.2222Cr0.2222Fe0.2222Mo0.1111Ni0.2222,1749,1.316535,5.65,6.67,36.72,-11.85,13.14,1.7060516,0.132,7.074892440000001,10.07,1787.0435,31.86,-0.28886,1403.59,256.08549999999997,41.91,0.41
Al0.2222Nb0.2222Ti0.2222V0.2222Zr0.1111,1480,1.4443000000000001,5.07,4.22,18.62,-17.18,13.14,1.4649645999999998,0.102,6.58515253,4.94,1962.026,31.49,-1.567621,199.45,181.32631,29.79,0.51
Al0.225Cu0.2Fe0.1501Ni0.2Ti0.225,980,1.3456260000000002,7.16,6.98,47.03,-19.96,13.3,1.689605,0.193,7.14254024,10.17,1532.8633,24.57,-1.233276,335.67,177.76135000000002,28.38,0.26
Al0.2278Cr0.2574Fe0.2574Ni0.2574,770,1.303874,5.52,6.86,37.04,-12.74,11.51,1.7393834000000004,0.108,7.1056959200000005,10.46,1670.5649,25.66,-0.565698,758.5,233.81551000000002,34.84,0.38
Al0.2353Co0.0588Cr0.2353Fe0.2353Ni0.2353,1363,1.304119,5.6,6.88,37.27,-13.07,12.71,1.7418799,0.108,7.1209810000000004,10.64,1656.35015,25.83,-0.5570229999999999,745.96,234.68642499999999,35.19,0.41
Al0.2353Nb0.2353Ti0.2353V0.2353Zr0.0588,1360,1.43529,4.5,4.24,19.02,-16.83,12.71,1.4736509,0.099,6.582981080000001,5.08,1952.6427500000002,32.49,-1.442885,219.95,183.577475,29.84,0.63
Al0.2381Cr0.2381Fe0.2381Mo0.0476Ni0.2381,1487,1.311427,5.66,6.71,37.69,-12.65,12.57,1.7231002999999998,0.12,7.074399640000001,10.43,1708.42875,29.51,-0.39098299999999997,1068.66,241.278885,39.41,0.39
Al0.2439Nb0.2439Ti0.2439V0.2439Zr0.0244,1290,1.42927,4.01,4.24,19.34,-16.51,12.2,1.4792667,0.096,6.58112004,5.17,1946.34325,33.15,-1.3607549999999997,235.26,185.045925,29.84,0.76
Al0.2499Co0.1667Cr0.1667Fe0.1667Ni0.1667Ti0.0832,1566,1.3214959999999998,6.53,6.58,40.42,-19.32,14.53,1.7131437,0.145,7.0964972999999985,10.85,1633.02165,26.02,-0.8647739999999997,453.8,227.05920500000002,37.44,0.34
Al0.25Co0.25Cr0.25Ni0.25,1750,1.305,5.8,7.0,39.12,-15.5,11.53,1.74575,0.116,7.068150000000001,10.61,1639.375,26.64,0.975,189.43,250.43750000000003,35.63,0.34
Al0.25Co0.25Fe0.25Ni0.25,964,1.295,6.04,7.5,35.9,-13.75,11.53,1.78325,0.102,7.352250000000001,10.82,1558.875,23.24,-1.1925,353.67,221.9875,32.81,0.32
Al0.25Cr0.25Mo0.25Ti0.25,1100,1.3975,4.51,4.75,27.35,-14.0,11.53,1.5282499999999999,0.109,6.6681,6.19,1971.625,35.39,-0.15249999999999986,2086.99,268.1625,52.94,0.57
Al0.25Cu0.25Ni0.25Ti0.25,300,1.355,7.16,7.0,50.51,-23.25,11.53,1.68075,0.202,7.04505,10.0,1487.275,25.59,-0.0024999999999999467,131590.08,171.3875,29.4,0.22
Al0.25Mo0.25Nb0.25Ti0.25,1100,1.4374999999999998,2.17,4.5,24.85,-15.25,11.53,1.46825,0.09,6.666325,6.18,2124.375,36.62,-1.15,288.33,244.8375,55.47,2.45
Al0.25Nb0.25Ta0.125Ti0.25Zr0.125,1352,1.4762499999999998,3.42,4.13,18.9,-18.56,12.97,1.4324999999999999,0.108,6.708712499999999,8.3,2076.125,37.93,-1.51375,234.24,179.36625,32.96,1.11
Al0.25Nb0.25Ta0.25Ti0.25,1152,1.4625,1.48,4.25,19.51,-16.0,11.53,1.4342499999999998,0.107,6.865724999999999,9.87,2219.125,39.73,-0.6699999999999999,556.14,193.97,32.35,5.26
Al0.25Nb0.25Ti0.25V0.25,1000,1.4249999999999998,3.6,4.25,19.51,-16.25,11.53,1.48325,0.094,6.5798000000000005,5.23,1941.875,33.6,-1.3025,247.19,186.08749999999998,29.82,0.89
Al0.2727Cr0.2424Fe0.2424Ni0.2424,1044,1.3110810000000002,5.78,6.64,39.55,-13.72,11.51,1.7318571,0.109,7.03983534,10.9,1627.5190499999999,27.67,-0.36693300000000006,1155.52,226.40008500000002,37.31,0.34
Al0.2857Co0.1429Cr0.1429Cu0.1429Fe0.1429Ni0.1429,1620,1.312965,5.81,7.14,41.97,-8.65,14.53,1.7496308000000003,0.11,7.12768372,11.28,1522.49854,28.02,-0.07059099999999974,4966.45,214.72877,39.71,0.43
Al0.287Cr0.2377Fe0.2377Ni0.2377,906.8,1.31367,5.85,6.57,40.32,-13.99,11.5,1.7298719999999999,0.109,7.020583739999999,11.02,1614.2473,28.26,-0.303994,1388.94,224.10127999999997,38.05,0.34
Al0.2999Co0.1667Cr0.1667Fe0.1667Ni0.1667Ti0.0333,1324,1.319643,6.31,6.53,41.61,-17.2,13.88,1.7249317000000002,0.126,7.055060119999999,11.42,1583.2399500000001,28.11,-0.44732499999999986,861.17,224.29294499999997,39.21,0.35
Al0.2Co0.1666Cr0.1666Fe0.1666Ni0.1666Ti0.1334,1503,1.3234279999999998,6.74,6.63,39.23,-20.86,14.84,1.7012139999999998,0.161,7.137562599999999,10.23,1682.7334,23.63,-1.2829199999999998,308.01,229.77276,35.63,0.33
Al0.2Co0.2667Fe0.2667Ni0.2667,794,1.286125,5.63,7.8,32.16,-11.95,11.47,1.794784,0.095,7.444127440000001,9.89,1600.7434,20.92,-1.462254,288.63,229.69603999999998,29.89,0.36
Al0.2Co0.2Cr0.2Fe0.2Ni0.2,1051,1.296,5.4,7.2,34.47,-12.32,13.38,1.7566000000000002,0.106,7.235000000000001,10.36,1673.1000000000001,23.69,-0.772,500.63,245.55,32.75,0.46
Al0.2Co0.2Cu0.2Fe0.2Ni0.2,994,1.292,5.44,8.2,33.97,-5.28,13.38,1.7966000000000002,0.095,7.42708,9.79,1518.4200000000003,21.99,-0.8500000000000001,451.05,211.25,32.47,0.45
Al0.2Cr0.2Cu0.2Fe0.2Mn0.2,1010,1.324,4.6,7.0,37.25,-1.76,13.38,1.7326000000000004,0.089,7.1629200000000015,9.83,1549.02,26.17,-1.298,288.42,246.77000000000004,42.97,0.63
Al0.2Cr0.2Cu0.2Fe0.2Ni0.2,1511,1.302,5.15,7.6,37.77,-4.0,13.38,1.7586000000000004,0.108,7.204080000000001,10.06,1590.82,25.81,-0.26999999999999996,1421.09,217.79000000000002,35.95,0.5
Al0.2Cr0.2Fe0.2Mo0.1Ni0.2Ti0.1,2228.7,1.332,6.32,6.4,38.4,-16.88,14.53,1.6736,0.159,7.050860000000002,9.65,1801.8000000000002,30.07,-0.8109999999999999,512.11,246.74,42.81,0.36
Al0.2Cr0.2Fe0.2Ni0.4,774,1.294,5.52,7.4,35.86,-13.44,11.08,1.7646000000000002,0.113,7.186760000000001,9.92,1664.7000000000003,23.71,0.052000000000000046,7606.66,233.75,31.93,0.36
Al0.2Cr0.2Mo0.2Nb0.2Ti0.2,1010,1.4100000000000001,4.37,4.8,24.3,-13.6,13.38,1.5046000000000002,0.108,6.68626,5.55,2125.5,32.74,-0.7380000000000001,417.09,263.83000000000004,48.24,0.7
Al0.2Cr0.2Nb0.2Ti0.2V0.2,1550,1.4000000000000001,4.84,4.6,22.17,-14.56,13.38,1.5166000000000002,0.107,6.61704,4.79,1979.5,29.73,-0.8600000000000001,350.31,216.83000000000004,36.44,0.57
Al0.2Cu0.2Fe0.2Ni0.2Ti0.2,1074,1.336,7.09,7.2,44.27,-17.6,13.38,1.7046000000000003,0.187,7.21652,9.94,1551.42,23.45,-1.554,275.18,182.31,27.47,0.27
Al0.2Li0.2Mg0.2Sn0.2Zn0.2,600,1.5160000000000002,6.25,4.4,89.3,-6.08,13.38,1.4460000000000002,0.316,7.1523200000000005,19.54,721.4040000000001,24.87,-0.3599999999999999,519.82,83.744,59.74,0.34
Al0.2Mo0.1Nb0.2Ta0.1Ti0.2Zr0.2,2000,1.48,4.43,4.3,20.93,-16.84,14.53,1.425,0.104,6.7396,7.6,2162.4,34.46,-1.4660000000000002,228.63,204.20300000000003,49.93,0.74
Al0.2Mo0.2Nb0.2Ti0.2V0.2,1375,1.418,3.38,4.6,22.17,-12.8,13.38,1.4806000000000001,0.084,6.68232,5.54,2131.5,32.65,-0.8140000000000002,373.58,241.61,50.34,1.17
Al0.2Nb0.2Ta0.2Ti0.2V0.2,993,1.438,3.66,4.4,18.18,-13.44,13.38,1.4534,0.103,6.84184,8.88,2207.3,35.74,-0.43000000000000005,783.06,200.91600000000003,28.78,1.0
Al0.2Nb0.2Ti0.2V0.2Zr0.2,1500,1.46,5.73,4.2,17.82,-17.44,13.38,1.4506000000000001,0.106,6.59062,4.68,1978.5,29.73,-1.78,170.45,177.55,29.57,0.41
Al0.3029Cr0.2324Fe0.2324Ni0.2324,1122.8,1.3162669999999999,5.92,6.49,41.17,-14.27,11.47,1.7272697,0.11,6.9975245,11.15,1599.07075,28.9,-0.2336629999999998,1797.82,221.484935,38.87,0.33
Al0.3125Li0.1563Mg0.3125Sn0.0625Zn0.1563,546,1.5060840000000002,6.0,3.84,93.71,-3.89,12.31,1.412875,0.268,7.03000804,18.86,806.227946,20.34,0.020166000000000017,10301.31,84.351984,54.63,0.34
Al0.3333Co0.1667Cr0.1667Fe0.1667Ni0.1667,1241,1.3184539999999998,6.15,6.5,42.37,-15.45,12.98,1.7328518999999998,0.11,7.027606779999999,11.77,1550.04995,29.35,-0.16865199999999997,2239.98,222.45047499999998,40.37,0.34
Al0.6498Cr0.05Cu0.05Mg0.05Si0.1501Zn0.05,490,1.405489,4.91,4.1,63.08,-11.63,9.68,1.6549303000000002,0.142,6.6903765900000005,15.74,1114.3664500000002,32.98,1.2293890000000005,197.69,130.82440300000002,42.71,0.4
Al0.6498Cu0.05Fe0.05Mg0.05Si0.1501Zn0.05,422,1.403489,5.16,4.2,64.15,-11.76,9.68,1.6624303000000002,0.145,6.7471965900000015,16.09,1098.26645,29.82,0.7958890000000002,392.41,125.13440299999999,29.46,0.36
Al0.6498Cu0.05Mg0.05Mn0.05Si0.1501Zn0.05,622,1.407989,4.68,4.15,63.42,-13.37,9.68,1.6599303,0.143,6.723776590000001,15.84,1083.7164500000001,27.78,1.0333890000000003,251.63,133.48440300000001,49.51,0.44
Al0.6498Cu0.05Mg0.05Ni0.05Si0.1501Zn0.05,534,1.402489,5.32,4.3,66.63,-13.78,9.68,1.6664303000000003,0.15,6.734066590000001,15.93,1094.1664500000002,29.15,1.2903890000000005,188.85,126.239403,31.74,0.34
Al0.6498Cu0.05Mg0.05Si0.1501Zn0.05Zr0.05,565,1.4204890000000001,5.39,4.0,63.74,-18.33,9.68,1.6384303000000002,0.159,6.683771590000001,15.75,1114.11645,32.92,0.9993890000000004,265.84,121.004403,24.1,0.33
Al0.8013Cu0.0497Li0.0497Mg0.0497Zn0.0497,488,1.4344729999999999,4.05,3.7,71.36,-1.13,6.44,1.5727927000000002,0.175,6.294695440000002,14.09,923.113694,14.87,2.103009,76.45,105.655606,28.26,0.39
Al0.8013Li0.0497Mg0.0497Sn0.0497Zn0.0497,415,1.451371,4.14,3.35,61.2,-0.52,6.44,1.5715005000000002,0.173,6.275680220000002,13.7,880.7941440000001,14.54,2.052315,81.45,101.033009,26.57,0.38
C0.0081Co0.1968Cr0.1968Fe0.1968Mn0.1968Nb0.0081Ni0.1968,732,1.2787169999999999,4.27,7.94,18.54,-6.22,13.95,1.7874833999999997,0.11,7.5502012800000005,7.11,1814.3073,15.44,-1.9879020000000005,173.56,308.34344999999996,28.96,0.77
C0.0244Hf0.122Mo0.122Nb0.2439Ti0.2439Zr0.2439,1183,1.500391,8.57,4.49,15.65,-10.64,13.6,1.3853626,0.203,6.90458822,10.16,2409.4301,17.59,-3.838844,58.65,239.50397,66.87,0.19
C0.0513Mo0.2564Nb0.2564Re0.1282Ta0.0513W0.2564,1074,1.391018,8.43,5.72,13.1,-24.03,13.43,1.5194014,0.247,7.59017171,13.08,3193.6807000000003,12.75,-1.9163960000000002,141.65,461.78591500000005,40.49,0.19
C0.0698Hf0.1163Mo0.1163Nb0.2326Ti0.2326Zr0.2326,1201,1.473074,12.0,4.47,15.52,-28.6,14.17,1.4394262,0.314,7.107978790000001,16.11,2475.2893000000004,20.59,-3.948276,57.06,276.58212000000003,82.93,0.1
C0.0909Co0.1818Cr0.1818Fe0.1818Mn0.1818Ni0.1818,520.9,1.246239,9.08,7.64,23.19,-20.49,14.7,1.8529055999999997,0.231,7.86345903,14.56,1974.1662000000001,31.06,-2.328858,150.82,369.4176,59.17,0.18
C0.093Mo0.2326Nb0.2326Re0.1163Ta0.093W0.2326,1144,1.373407,11.13,5.61,14.46,-34.24,14.21,1.5585440000000002,0.322,7.77538228,15.7,3226.5995,12.7,-1.88347,156.41,479.146484,46.02,0.11
C0.1111Mo0.2222Nb0.2222Re0.1111Ta0.1111W0.2222,1202,1.365419,12.11,5.56,14.95,-38.46,14.43,1.5751757999999998,0.349,7.853981189999999,16.54,3240.1204,12.65,-1.8687020000000003,162.71,486.5746710000001,47.92,0.1
C0.1277Mo0.2128Nb0.2128Re0.1064Ta0.1277W0.2128,1241,1.3587759999999998,12.93,5.51,15.38,-42.26,14.57,1.5911406,0.371,7.929625949999999,17.19,3254.0452999999998,12.59,-1.856104,168.38,493.60020299999996,49.43,0.09
C0.1667Co0.1667Cr0.1667Fe0.1667Mn0.1667Ni0.1667,643.8,1.2185769999999998,11.72,7.33,26.91,-31.57,14.9,1.9110487999999999,0.292,8.148879449999999,17.71,2128.5923,36.54,-2.65053,133.1,425.085,65.6,0.11
Co0.0487Cr0.1564Cu0.3471Ni0.3506Si0.0971,777,1.271399,2.16,9.09,25.95,-7.67,11.63,1.8349746000000002,0.082,7.593884490000001,5.07,1658.6643600000002,15.8,0.6561350000000001,246.14,229.598518,27.59,2.49
Co0.0528Cu0.0528Fe0.0528Nb0.7886Ni0.0528,1415,1.4172319999999998,5.85,5.95,32.05,-11.11,6.72,1.5013439999999998,0.177,6.976119199999999,6.06,2513.6748799999996,17.79,-2.8043839999999998,64.39,244.5728,9.46,0.2
Co0.064Cu0.064Fe0.064Nb0.744Ni0.064,1703,1.4081599999999999,6.3,6.15,33.23,-12.62,7.68,1.5207199999999998,0.189,7.022196,6.44,2465.4544,19.41,-2.7459200000000004,72.22,244.164,10.43,0.19
Co0.0868Cu0.0868Fe0.0868Nb0.6527Ni0.0868,1635,1.389692,6.97,6.56,34.17,-14.81,9.37,1.560164,0.207,7.1159952,6.94,2367.29128,22.11,-2.6269040000000006,87.47,243.3318,12.16,0.19
Co0.1111Cu0.1111Fe0.1111Nb0.5556Ni0.1111,1498,1.370009,7.38,7.0,33.67,-15.8,10.83,1.602203,0.216,7.2159654,7.15,2262.6700600000004,24.23,-2.500058,103.42,242.44485,13.79,0.2
Co0.1161Cr0.2326Fe0.2326Ni0.3488Ti0.0698,586,1.2756990000000001,4.54,8.07,23.36,-9.55,12.32,1.7681620000000002,0.138,7.4682245400000005,6.24,1858.1958,8.54,-1.4660029999999997,274.65,265.13219,19.58,0.6
Co0.125Cr0.125Cu0.125Fe0.125Mn0.125Ni0.125Ti0.125V0.125,1312,1.31125,5.4,7.5,30.55,-8.13,17.29,1.7099999999999997,0.166,7.3655125,6.43,1799.825,14.43,-1.7725,183.23,259.175,29.41,0.59
Co0.1667Cr0.1667Cu0.1667Fe0.1667Ni0.1667Ti0.1667,1272,1.30026,6.04,8.0,29.76,-8.45,14.9,1.7336799999999999,0.175,7.458791459999999,6.38,1787.29072,13.1,-1.95039,184.12,241.99839,27.13,0.41
Co0.1667Cr0.1667Fe0.1667Mn0.1667Ni0.1667V0.1667,1660,1.290258,3.35,7.5,22.77,-7.56,14.9,1.7420149999999999,0.119,7.396395649999999,6.46,1851.8702999999998,12.26,-1.5319729999999998,214.55,290.50809,21.31,1.33
Co0.1667Cr0.1667Fe0.3333Ni0.3333,214,1.258335,1.62,8.5,16.29,-3.33,11.06,1.8083269999999998,0.078,7.62187016,5.24,1827.6787999999997,7.62,-2.0565149999999996,207.17,265.85576,16.09,4.21
Co0.1724Cr0.1724Cu0.1724Fe0.1724Ni0.1724Ti0.1379,1042,1.2940049999999998,5.65,8.14,28.26,-6.75,14.87,1.74535,0.164,7.47825822,6.27,1781.71534,13.27,-1.8269849999999996,196.47,244.67028,26.59,0.47
Co0.1724Cr0.1724Fe0.1724Mn0.1379Ni0.1724Pd0.1724,650,1.2929730000000001,3.84,8.38,17.84,-4.54,14.87,1.749825,0.107,7.667048240000001,6.42,1805.1010999999999,9.76,-1.1408829999999996,316.21,286.60713999999996,20.99,1.01
Co0.1735Cr0.1735Fe0.1735Mn0.1735Ni0.1735V0.1327,780,1.2882179999999999,3.33,7.6,21.9,-7.0,14.86,1.7506509999999997,0.114,7.4228592099999995,6.32,1839.2835,12.11,-1.6160889999999997,205.82,293.02749,21.11,1.34
Co0.1739Cr0.1739Fe0.1739Mn0.1739Ni0.1739V0.1304,740,1.287696,3.33,7.61,21.83,-6.95,14.85,1.7507,0.113,7.422391999999999,6.31,1837.8951,12.1,-1.621196,205.29,293.10708,21.1,1.34
Co0.1786Cr0.1786Fe0.1786Mn0.1071Ni0.1786Pd0.1786,650,1.2911970000000002,3.82,8.43,17.77,-4.77,14.78,1.7501750000000003,0.109,7.6769428600000005,6.5,1815.7709,9.39,-1.074277,340.15,282.86096000000003,20.41,1.01
Co0.1818Cr0.1818Cu0.1818Fe0.1818Ni0.1818Ti0.0909,700,1.2844170000000001,4.84,8.36,25.64,-3.7,14.7,1.765278,0.144,7.513739459999999,6.06,1773.4771799999999,13.54,-1.6262009999999998,220.06,249.1569,25.62,0.63
Co0.1818Cr0.1818Fe0.1818Mn0.1818Ni0.1818V0.0909,620,1.2853260000000002,3.29,7.73,20.71,-6.21,14.7,1.7607329999999997,0.105,7.45313643,6.11,1823.2721999999999,11.86,-1.718919,196.08,296.03403000000003,20.83,1.36
Co0.1818Cr0.1818Fe0.1818Nb0.0726Ni0.382,640,1.2723339999999999,4.46,8.36,20.57,-9.16,12.37,1.782248,0.132,7.50858066,5.97,1895.6794,14.66,-1.0170599999999999,357.3,271.36332,15.24,0.62
Co0.1852Cr0.1852Fe0.1852Mn0.0741Ni0.1852Pd0.1852,650,1.2890190000000001,3.8,8.48,17.69,-5.02,14.59,1.7501749999999998,0.111,7.685893120000001,6.58,1826.8060999999998,8.95,-1.0027329999999999,369.16,278.78942,19.61,1.01
Co0.1905Cr0.1905Fe0.1905Mn0.1905Ni0.1905V0.0476,200,1.2829840000000001,3.24,7.86,19.35,-5.3,14.34,1.7720879999999997,0.095,7.488343480000001,5.86,1807.6004999999998,11.52,-1.826432,186.89,299.30312000000004,20.48,1.37
Co0.1923Cr0.1923Fe0.1923Mn0.0385Ni0.1923Pd0.1923,650,1.2865410000000002,3.76,8.54,17.56,-5.3,14.22,1.7499999999999998,0.113,7.694778030000001,6.67,1838.5256000000002,8.41,-0.925468,405.27,274.37013,18.52,1.01
Co0.1927Cr0.1927Cu0.1927Fe0.1927Ni0.1927V0.0366,616,1.2688350000000002,1.99,8.66,21.17,1.96,14.2,1.794152,0.095,7.5532507,5.84,1772.6192200000003,14.28,-1.173415,296.28,256.81853000000007,23.2,3.59
Co0.1927Cr0.1927Fe0.1927Mn0.1927Mo0.0366Ni0.1927,765,1.284154,3.49,7.93,18.13,-4.12,14.2,1.772686,0.098,7.509572479999999,5.55,1830.2463000000005,15.48,-1.8313199999999998,187.9,308.71922,21.64,1.17
Co0.1947Cr0.1947Cu0.1947Fe0.1947Ni0.1947V0.0265,330,1.2679610000000001,1.92,8.7,20.73,2.29,14.04,1.796739,0.091,7.56094427,5.76,1768.3804200000002,14.22,-1.1911479999999999,293.01,257.08726,23.27,3.81
Co0.1947Cr0.1947Fe0.1947Mn0.1947Mo0.0265Ni0.1947,560,1.282915,3.41,7.95,18.01,-4.13,14.04,1.775679,0.093,7.513185640000001,5.55,1818.9553,14.46,-1.8622740000000002,185.01,307.06385000000006,21.24,1.21
Co0.1966Cr0.1966Cu0.1966Fe0.1966Ni0.1966V0.0171,307,1.267392,1.85,8.74,20.31,2.61,13.87,1.7994949999999998,0.088,7.5695686900000005,5.69,1764.77476,14.15,-1.2078909999999998,290.01,257.38715,23.33,4.05
Co0.1966Cr0.1966Fe0.1966Mn0.1966Mo0.0171Ni0.1966,330,1.282009,3.32,7.97,17.89,-4.14,13.87,1.7788089999999999,0.089,7.518001160000001,5.54,1808.7924,13.39,-1.8914579999999996,182.37,305.58167,20.84,1.26
Co0.1983Cr0.1983Cu0.1983Fe0.1983Ni0.1983V0.0083,303,1.266361,1.77,8.77,19.93,2.91,13.67,1.8013649999999999,0.085,7.57465777,5.61,1760.70738,14.08,-1.2230779999999999,287.33,257.5664,23.39,4.36
Co0.1983Cr0.1983Fe0.1983Mn0.1983Mo0.0083Ni0.1983,225,1.280657,3.24,7.98,17.79,-4.15,13.67,1.7810369999999998,0.084,7.51954748,5.54,1798.5737000000004,12.26,-1.9180139999999997,179.99,304.07491,20.44,1.3
Co0.19Cr0.19Fe0.19Mn0.19Ni0.19V0.05,200,1.283,3.24,7.85,19.43,-5.35,14.36,1.7713,0.095,7.485723000000001,5.88,1808.31,11.54,-1.8203,187.39,299.095,20.5,1.37
Co0.2128Fe0.2128Mo0.0426Ni0.4255V0.1064,252,1.263538,3.15,8.66,18.65,-6.83,11.6,1.7999459999999998,0.124,7.62938498,4.63,1848.3238000000001,13.76,-1.063529,358.56,263.09753,19.53,1.17
Co0.2222Cr0.2222Fe0.2222Ni0.2222W0.1111,556,1.2787610000000003,3.99,8.0,19.54,-3.26,13.14,1.7564910000000002,0.13,7.59461824,6.02,2060.2384,28.74,-1.6887200000000002,213.12,307.123729,28.43,0.83
Co0.2267Cr0.2267Fe0.2267Nb0.0934Ni0.2267,638,1.281199,4.79,7.95,21.34,-9.69,13.03,1.757133,0.139,7.4751729000000005,6.65,1940.8438,15.38,-1.808829,202.22,277.15380000000005,16.0,0.57
Co0.2321Cr0.2321Fe0.2321Nb0.0717Ni0.2321,479,1.276787,4.35,8.02,20.62,-8.42,12.84,1.7652539999999999,0.129,7.491526449999999,6.54,1921.4969,14.31,-1.7782269999999998,207.84,277.85814999999997,16.05,0.68
Co0.2326Cr0.2326Fe0.2326Ni0.2326Ti0.0698,540,1.277236,4.48,7.96,22.5,-8.9,12.83,1.764066,0.134,7.49861628,6.43,1863.6066,8.33,-1.945344,195.82,272.08011999999997,19.52,0.64
Co0.2376Cr0.2376Fe0.2376Mo0.0494Ni0.2376,254.7,1.2685460000000002,2.79,8.14,18.7,-4.04,12.59,1.77621,0.11,7.52331848,6.14,1908.6092,14.28,-1.5379800000000001,245.2,289.25638,20.57,1.62
Co0.2378Cr0.2378Fe0.2378Nb0.049Ni0.2378,403,1.27243,3.78,8.09,19.83,-7.03,12.59,1.7741160000000002,0.118,7.510177860000001,6.42,1901.6386000000002,12.94,-1.7465580000000003,213.86,278.6523,16.1,0.88
Co0.2381Cr0.2381Fe0.2381Mo0.0476Ni0.2381,400,1.268569,2.77,8.14,18.68,-4.04,12.57,1.7771489999999999,0.109,7.525646760000001,6.14,1907.1232,14.13,-1.5433870000000003,244.48,288.98222,20.44,1.64
Co0.2381Cr0.2381Fe0.2381Ni0.2381Ti0.0476,700,1.272377,3.89,8.05,21.16,-7.35,12.57,1.772865,0.122,7.513070840000001,6.35,1861.5700000000002,8.42,-1.859927,205.04,274.64034,18.54,0.83
Co0.2381Cr0.2381Fe0.2381Ni0.2381W0.0476,335,1.2695210000000001,3.03,8.14,18.68,-3.54,12.57,1.7771489999999999,0.109,7.567896520000001,6.09,1944.7272000000003,21.5,-1.682379,221.44,291.775864,23.3,1.37
Co0.2407Cr0.2407Fe0.2407Nb0.0373Ni0.2407,322,1.2699930000000001,3.43,8.13,19.39,-6.28,12.42,1.7784119999999997,0.112,7.51864741,6.36,1891.1217000000001,12.12,-1.7299809999999998,217.06,279.01914999999997,16.13,1.06
Co0.2437Cr0.2437Fe0.2437Nb0.0251Ni0.2437,318,1.267331,3.02,8.17,18.93,-5.47,12.21,1.78272,0.105,7.52675643,6.29,1879.9775,11.15,-1.712535,220.45,279.37485000000004,16.15,1.34
Co0.2449Cr0.2449Fe0.2449Mo0.0203Ni0.2449,198.8,1.2649620000000001,2.28,8.2,18.27,-3.88,12.12,1.785774,0.097,7.537310800000001,6.14,1878.7638,11.44,-1.6201369999999997,234.49,283.94601,18.26,2.33
Co0.25Cr0.1786Fe0.2857Ni0.2857,241,1.25893,1.64,8.46,16.26,-3.29,11.39,1.8060660000000004,0.079,7.61906414,5.41,1832.0818,7.77,-1.943465,204.92,272.91364999999996,15.95,4.23
Co0.25Cr0.25Fe0.25Mn0.25,338,1.29,3.05,7.5,14.91,-2.25,11.53,1.76,0.071,7.49585,6.15,1805.75,12.07,-2.9625,105.35,316.475,19.14,1.24
Co0.25Cr0.25Mn0.25Ni0.25,282,1.285,3.41,8.0,19.76,-5.5,11.53,1.78,0.089,7.4302,5.58,1785.25,12.36,-0.49,425.95,322.0,16.32,0.99
Co0.25Fe0.25Mn0.25Ni0.25,170,1.275,3.44,8.5,13.15,-4.0,11.53,1.8175000000000001,0.048,7.714300000000001,2.49,1704.75,6.58,-2.6574999999999998,132.41,293.55,22.01,0.97
Co0.2667Fe0.2667Ni0.2667Si0.2,1301,1.264125,2.29,8.0,26.62,-24.96,11.47,1.855384,0.042,7.877307440000001,2.21,1750.6434,2.58,-2.684254,135.59,241.50204000000002,20.16,2.19
Co0.2857Fe0.2857Ni0.2857Si0.1429,476,1.2600030000000002,2.03,8.29,22.99,-19.43,11.24,1.8508604,0.04,7.856886170000001,2.08,1755.2821000000001,2.44,-2.642888,142.41,246.878802,18.57,2.73
Co0.2Cr0.2Cu0.2Fe0.2Ni0.2,230,1.266,1.7,8.8,19.55,3.2,13.38,1.8040000000000003,0.081,7.583120000000001,5.54,1757.72,14.01,-1.2380000000000002,284.78,257.86,23.44,4.63
Co0.2Cr0.2Cu0.2Ni0.2Zn0.2,2121,1.29,3.86,9.6,21.45,0.48,13.38,1.7616,0.119,7.881460000000001,10.79,1534.6660000000002,31.74,-0.26199999999999996,715.01,245.39600000000002,29.01,0.9
Co0.3077Fe0.3077Ni0.3077Si0.0769,196,1.255383,1.61,8.62,17.93,-11.83,10.69,1.8458443999999998,0.037,7.834184369999999,1.87,1760.8481000000002,2.23,-2.5953679999999997,150.34,253.12372200000001,16.37,4.12
Co0.346Cr0.1924Fe0.2308Ni0.2308,299,1.25962,1.66,8.42,16.2,-3.23,11.32,1.803444,0.08,7.615744159999999,5.61,1837.1871999999998,7.93,-1.81286,200.32,281.0564,15.3,4.11
Co0.4581Cr0.2084Fe0.1667Ni0.1667,392,1.260295,1.68,8.37,16.11,-3.17,10.66,1.8002200000000002,0.081,7.61120524,5.82,1842.9306000000001,8.09,-1.660496,190.67,290.52930000000003,13.88,3.78
Co0.5907Cr0.2274Fe0.091Ni0.091,482,1.26137,1.7,8.32,15.96,-3.09,9.01,1.796794,0.081,7.6074472,6.07,1850.1368000000002,8.26,-1.4806900000000003,168.53,301.78687999999994,11.14,3.12
Cr0.1201Mo0.1998Nb0.4198Ta0.0101Ti0.1301V0.1201,2680,1.4139899999999999,4.29,5.19,12.4,-4.36,12.53,1.4605534,0.084,6.8453127899999995,2.46,2527.8230000000003,14.38,-1.578213,154.28,288.16137299999997,34.17,0.68
Cr0.1667Mo0.1667Nb0.1667Ta0.1667V0.1667W0.1667,3338,1.398613,4.66,5.5,9.09,-4.89,14.9,1.4776288,0.098,7.2070411199999995,7.35,2812.2289999999994,19.82,0.13002599999999992,1548.71,343.6220439999999,32.75,0.69
Cr0.2326Fe0.2326Ni0.4651Ti0.0698,672,1.274786,4.59,8.19,24.03,-10.21,10.15,1.773182,0.141,7.44174918,6.01,1853.6648,8.74,-0.9872449999999998,423.18,258.33191,19.27,0.48
Cr0.2326Ta0.2326Ti0.0698V0.2326W0.2326,2050,1.39121,5.25,5.4,11.4,-4.59,12.83,1.4882024,0.114,7.31093134,7.99,2749.1148000000003,25.22,0.24807400000000007,921.91,325.606032,36.46,0.47
Cr0.2398Ta0.2398Ti0.0408V0.2398W0.2398,2034,1.388468,5.24,5.44,10.53,-4.46,12.47,1.4912672000000002,0.114,7.3244661,8.02,2773.9786000000004,24.83,0.4274480000000001,486.65,330.624496,35.37,0.45
Cr0.25Mo0.25Nb0.25Ti0.25,1630,1.405,4.84,5.25,15.79,-5.5,11.53,1.4775,0.105,6.861375,1.98,2423.5,16.57,-1.635,171.04,303.1,36.94,0.49
Cr0.25Mo0.25Ta0.25Ti0.25,1795,1.4124999999999999,5.31,5.25,15.79,-5.5,11.53,1.4585000000000001,0.121,7.14415,6.27,2555.5,21.34,-0.10000000000000009,3233.09,306.5325,36.01,0.41
Cr0.25Nb0.25Ti0.25Zr0.25,1260,1.4575,7.3,4.75,17.46,-5.0,11.53,1.44,0.125,6.74675,1.05,2232.25,13.63,-2.8425,82.45,223.02499999999998,34.88,0.22
Cr0.25Ta0.25V0.25W0.25,2327,1.385,5.22,5.5,9.09,-4.25,11.53,1.496,0.114,7.345574999999999,8.04,2809.75,24.22,0.6799999999999999,252.49,337.78,33.75,0.42
Cr0.2778Fe0.2778Ni0.2778Ti0.1667,1923.15,1.300689,6.08,7.33,28.76,-14.02,11.36,1.71072,0.172,7.3354789,6.79,1895.6903,8.44,-2.229733,191.9,253.1735,23.93,0.31
Cr0.2857Fe0.2857Ni0.2857Ti0.1429,2380.79,1.2957230000000002,5.77,7.43,27.73,-12.9,11.24,1.719983,0.165,7.34920252,6.77,1894.4305,8.56,-2.135883,201.45,255.73819000000003,23.24,0.34
Cr0.2941Fe0.2941Ni0.2941Ti0.1176,2475.41,1.290452,5.39,7.53,26.6,-11.62,11.07,1.7298409999999997,0.156,7.36383794,6.74,1893.1032,8.69,-2.0361279999999993,212.45,258.46622999999994,22.47,0.38
Cr0.2Fe0.2Mo0.2Nb0.2Ti0.2,1647,1.3760000000000001,6.11,5.8,22.87,-9.28,13.38,1.542,0.159,7.06958,6.14,2300.4,18.93,-2.8600000000000003,122.42,287.68000000000006,36.42,0.36
Cr0.2Fe0.2Mo0.2Nb0.2V0.2,2663,1.35,5.17,6.0,18.26,-6.72,13.38,1.572,0.139,7.0532,6.3,2345.8,17.29,-1.6520000000000001,207.0,300.94000000000005,30.38,0.5
Cr0.2Fe0.4Mn0.25Ni0.15,219,1.2875,3.15,7.65,16.16,-2.44,10.97,1.7695,0.072,7.518630000000001,5.58,1787.35,11.53,-3.355,119.01,293.825,24.15,1.11
Cr0.2Mo0.1Nb0.2Ta0.1Ti0.2Zr0.2,1595,1.4540000000000002,6.74,4.9,16.95,-4.92,14.53,1.4324,0.117,6.89564,5.12,2401.7000000000003,18.44,-1.854,157.13,250.81300000000005,39.87,0.32
Cr0.2Nb0.2Ti0.2V0.2Zr0.2,1298,1.4340000000000002,7.4,4.8,15.59,-4.64,13.38,1.458,0.118,6.74666,0.93,2217.8,12.34,-2.168,114.98,224.16000000000003,31.05,0.24
Cr0.303Fe0.303Ni0.303Ti0.0909,2364.63,1.285023,4.91,7.64,25.33,-10.17,10.84,1.740432,0.146,7.380067979999999,6.71,1891.9017,8.81,-1.9310190000000003,225.15,261.37386,21.6,0.45
Cr0.3125Fe0.3125Ni0.3125Ti0.0625,2297.94,1.279375,4.29,7.75,23.92,-8.52,10.51,1.7518749999999998,0.133,7.3980749999999995,6.66,1890.8125,8.95,-1.819375,240.1,264.49375,20.61,0.57
Cr0.5003Nb0.1666Ti0.1666Zr0.1666,1576,1.4049580000000002,8.13,5.17,17.36,-8.0,10.33,1.510056,0.142,6.7531718,0.86,2198.1394,11.51,-1.5906660000000001,163.83,261.98114,32.08,0.16
Cu0.3077Mn0.3077Ni0.3077Zn0.0769,140,1.296921,3.84,9.54,18.67,-1.33,10.69,1.8083131999999997,0.083,7.73802783,6.36,1468.5678569999998,18.18,-0.3322439999999999,659.04,261.639372,35.82,0.72
Cu0.3214Mn0.3214Ni0.3214Sn0.0357,630,1.301652,5.82,9.14,21.23,-0.18,10.09,1.8263888,0.055,7.590157940000001,1.71,1496.34351,16.16,-0.13355399999999992,1579.17,262.82901300000003,37.36,0.3
Cu0.3275Mn0.3275Ni0.3275Sn0.0174,380,1.2956130000000003,4.82,9.24,19.73,-0.09,9.7,1.8264376000000002,0.055,7.59484762,1.66,1515.15774,13.29,-0.1266,1681.16,266.388546,35.9,0.42
Cu0.3Mn0.3Ni0.3Zn0.0999,215,1.298862,3.92,9.6,18.75,-1.68,10.92,1.8026412,0.089,7.778530589999999,7.08,1449.083727,20.01,-0.395712,555.51,259.171632,36.19,0.71
Fe0.2Mo0.2Nb0.2Ti0.2V0.2,1707,1.3840000000000001,5.65,5.6,24.22,-8.48,13.38,1.518,0.15,7.06564,6.18,2306.4,18.79,-2.9360000000000004,116.55,265.46000000000004,38.85,0.42
Hf0.0799Nb0.3073Ta0.3073Ti0.1776Zr0.1278,845,1.50552,4.32,4.61,10.56,2.44,12.45,1.3496991999999999,0.066,7.107433200000001,7.37,2661.7385,18.72,-2.0012220000000003,177.63,217.916079,21.18,0.67
Hf0.0909Nb0.1818Ti0.3636V0.1818Zr0.1818,980,1.486215,6.57,4.36,11.03,0.0,12.6,1.3816799999999998,0.096,6.7644234899999995,1.04,2207.6883,13.49,-3.757806,61.81,188.60841,20.69,0.29
Hf0.0952Nb0.1429Ti0.381V0.1905Zr0.1905,1025,1.487758,6.71,4.33,10.89,-0.33,12.48,1.380626,0.099,6.7660686299999995,1.07,2182.74,12.86,-3.790686,62.6,185.89142,20.33,0.28
Hf0.102Mo0.102Nb0.2041Si0.1837Ti0.2041Zr0.2041,1650,1.479177,7.48,4.41,15.14,-39.45,14.55,1.4590801999999998,0.231,7.04415839,7.66,2246.929,18.9,-3.6845700000000003,55.39,209.66181600000002,44.26,0.26
Hf0.1053Nb0.0526Ti0.4211V0.2105Zr0.2105,1115,1.490534,7.01,4.26,10.34,-1.2,11.74,1.377357,0.103,6.76608829,1.12,2123.7213,10.61,-3.865595,64.23,179.48651999999998,18.9,0.24
Hf0.1064Mo0.1064Nb0.2128Si0.1489Ti0.2128Zr0.2128,1550,1.486116,7.26,4.43,15.27,-33.39,14.53,1.4397324,0.215,6.997638929999999,7.13,2271.2410999999997,18.36,-3.7029499999999995,56.23,211.56560199999998,44.59,0.28
Hf0.1111Mo0.1111Nb0.2222Si0.1111Ti0.2222Zr0.2222,1600,1.493184,6.99,4.44,15.43,-26.07,14.43,1.4183025999999999,0.194,6.944994319999999,6.41,2296.8814,17.71,-3.72185,57.11,213.554198,44.9,0.3
Hf0.1111Ti0.4444V0.2222Zr0.2222,1160,1.4920730000000002,7.17,4.22,9.85,-1.78,10.58,1.375418,0.106,6.76580113,1.15,2089.2355000000002,8.46,-3.908498,65.08,175.74909000000002,17.55,0.21
Hf0.1163Mo0.1163Nb0.2326Si0.0698Ti0.2326Zr0.2326,1370,1.501692,6.64,4.47,15.52,-17.23,14.17,1.3955917999999998,0.166,6.89099851,5.36,2326.1267000000003,16.92,-3.74446,58.02,215.84076399999998,45.19,0.32
Hf0.122Mo0.122Nb0.2439Si0.0244Ti0.2439Zr0.2439,1350,1.510395,6.19,4.49,15.65,-6.48,13.6,1.3700394,0.122,6.82873838,3.64,2357.2873,15.95,-3.767596,58.98,218.270602,45.47,0.35
Hf0.1249Nb0.1249Ta0.1249Ti0.3751Zr0.2502,903,1.528755,5.0,4.25,10.19,1.87,12.42,1.3355115999999998,0.073,6.9031622,5.52,2320.017,19.49,-3.8443549999999997,74.39,183.57918700000002,23.13,0.5
Hf0.125Mo0.125Nb0.25Ti0.25Zr0.25,1150,1.5150000000000001,5.91,4.5,15.71,-0.25,12.97,1.35625,0.087,6.7949375,1.99,2373.875,15.37,-3.78,59.47,219.54999999999998,45.6,0.37
Hf0.125Nb0.125Ta0.125Ti0.375Zr0.25,903,1.52875,5.0,4.25,10.19,1.88,12.42,1.3355000000000001,0.073,6.903300000000001,5.52,2320.25,19.49,-3.84375,74.43,183.60375000000002,23.13,0.5
Hf0.1429Mo0.1429Nb0.1429Ta0.1429Ti0.1429W0.1429Zr0.1429,1637,1.499021,6.26,4.86,17.14,-3.59,16.18,1.3638376,0.1,7.14621465,7.23,2735.2488999999996,20.83,-2.383572,136.48,283.902288,48.89,0.41
Hf0.1667Mo0.1667Nb0.1667Ta0.1667Ti0.1667Zr0.1667,1512,1.513636,6.18,4.67,15.96,-0.89,14.9,1.3459357999999997,0.097,7.006150949999999,5.98,2577.3486999999996,17.56,-2.4838299999999998,141.06,244.10381099999995,43.76,0.39
Hf0.1667Nb0.1667Ta0.1667Ti0.1667W0.1667Zr0.1667,1550,1.5169700000000002,5.89,4.67,15.96,-2.11,14.9,1.3459358,0.097,7.154113869999999,7.79,2709.0416999999998,22.57,-2.970594,106.09,253.88743399999996,50.11,0.43
Hf0.1739Mo0.1304Nb0.1739Ta0.1739Ti0.1739Zr0.1739,1373,1.518547,6.05,4.61,15.32,-0.21,14.85,1.3401236,0.095,7.00023675,6.11,2562.9529,17.84,-2.6407,132.32,234.476037,42.03,0.41
Hf0.1818Mo0.0909Nb0.1818Ta0.1818Ti0.1818Zr0.1818,1317,1.5243929999999999,5.88,4.55,14.41,0.59,14.7,1.3342302,0.093,6.9960821399999995,6.24,2548.1088,18.14,-2.812446,123.61,224.06486399999997,39.06,0.43
Hf0.1818Nb0.1818Si0.0909Ti0.1818V0.1818Zr0.1818,1483,1.49076,8.23,4.36,11.03,-21.75,14.7,1.4104043999999998,0.197,6.884447849999999,5.9,2236.7762999999995,14.63,-3.67236,65.04,191.251782,19.83,0.22
Hf0.1905Mo0.0476Nb0.1905Ta0.1905Ti0.1905Zr0.1905,1112,1.5311089999999998,5.67,4.48,13.1,1.56,14.34,1.328034,0.09,6.9929252900000005,6.38,2532.3395,18.44,-3.001356,114.86,212.69213499999998,33.77,0.45
Hf0.1Nb0.1Ti0.4V0.2Zr0.2,1065,1.489,6.85,4.3,10.66,-0.72,12.23,1.379,0.101,6.76572,1.09,2154.6000000000004,11.95,-3.8260000000000005,63.41,182.84000000000003,19.77,0.26
Hf0.2128Mo0.1064Nb0.2128Si0.1489Ti0.2128V0.1064,2134,1.4659,8.17,4.53,15.0,-31.12,14.53,1.4450524,0.229,7.02994197,6.82,2315.1843,18.04,-3.5869739999999997,75.13,225.39760199999998,39.2,0.22
Hf0.2222Mo0.1111Nb0.2222Si0.1111Ti0.2222V0.1111,1787,1.472075,8.04,4.56,15.02,-24.44,14.43,1.4238575999999998,0.211,6.97872428,6.1,2342.7657,17.26,-3.6007510000000003,76.45,227.99719800000003,39.2,0.22
Hf0.2222Nb0.2222Si0.1111Ti0.2222V0.2222,1399,1.46652,8.39,4.44,11.19,-24.19,13.14,1.4305236,0.213,6.94027257,6.19,2261.6627,15.79,-3.6685220000000003,71.98,201.888698,16.69,0.19
Hf0.2326Mo0.1163Nb0.2326Si0.0698Ti0.2326V0.1163,1617,1.479595,7.86,4.58,15.06,-16.38,14.17,1.4014068,0.186,6.926307189999998,5.06,2374.1586,16.32,-3.6176930000000005,77.83,230.959764,39.14,0.23
Hf0.25Mo0.125Nb0.25Ti0.25V0.125,1260,1.49125,7.49,4.63,15.03,-0.88,12.97,1.3624999999999998,0.126,6.832887499999999,1.52,2425.5,14.45,-3.64375,80.06,235.8,38.97,0.23
Hf0.25Nb0.25Ta0.25Ti0.25,834,1.5225,5.64,4.5,11.11,2.5,11.53,1.321,0.097,7.07555,6.66,2611.5,18.38,-3.0875,122.9,214.3075,18.85,0.36
Hf0.25Nb0.25Ta0.25Zr0.25,1315,1.5550000000000002,5.43,4.5,11.11,3.5,11.53,1.306,0.091,7.026975,7.16,2659.5,15.6,-2.6325,135.98,209.5575,22.34,0.39
Hf0.25Nb0.25Ti0.25Zr0.25,879,1.5499999999999998,5.72,4.25,10.19,2.5,11.53,1.3175,0.097,6.761525,1.16,2325.5,13.57,-4.775,31.01,185.1,20.98,0.35
Hf0.25Sc0.25Ti0.25Zr0.25,1001,1.5899999999999999,4.64,3.75,11.55,29.0,11.53,1.4425,0.282,6.71215,1.75,2093.75,12.47,-5.125000000000001,22.87,123.475,59.15,0.54
Hf0.25Ta0.25Ti0.25Zr0.25,1500,1.5575,5.24,4.25,10.19,1.75,11.53,1.2985,0.083,7.0443,7.02,2457.5,20.81,-3.2399999999999998,117.39,188.5325,23.51,0.42
Hf0.25Ti0.25Y0.25Zr0.25,554,1.63,6.9,3.75,11.55,8.75,11.53,1.245,0.108,6.62605,3.76,2089.0,12.74,-4.5375000000000005,39.22,142.95,28.52,0.24
Hf0.2754Nb0.0497Ta0.0497Ti0.3499Zr0.2754,540,1.561526,5.49,4.1,7.3,0.98,11.44,1.3022307999999998,0.092,6.82384611,3.78,2249.6049,15.44,-4.823397,45.69,173.303341,18.16,0.38
Hf0.2778Ta0.1667Ti0.2778Zr0.2778,800,1.5651549999999999,5.29,4.17,8.94,1.3,11.36,1.2946857999999999,0.087,6.95104716,6.16,2367.5881,19.33,-3.9402540000000004,84.84,180.58576100000002,21.8,0.41
Hf0.2857Ta0.1429Ti0.2857Zr0.2857,700,1.5671389999999998,5.29,4.14,8.45,1.14,11.24,1.2934306,0.088,6.92353404,5.83,2341.6178,18.69,-4.13964,76.6,178.294097,21.04,0.4
Hf0.2941Ta0.1176Ti0.2941Zr0.2941,400,1.569258,5.29,4.12,7.82,0.97,11.07,1.2921044,0.089,6.8943295199999985,5.41,2314.0245,17.87,-4.3516259999999996,68.07,175.859038,20.06,0.4
Hf0.2Mo0.2Nb0.2Ta0.2Ti0.2,1369,1.496,6.24,4.8,15.59,-1.44,13.38,1.3508000000000002,0.105,7.07892,5.95,2667.2,16.63,-2.242,169.13,264.18600000000004,40.16,0.34
Hf0.2Mo0.2Nb0.2Ta0.2Zr0.2,1524,1.522,6.59,4.8,15.59,-1.12,13.38,1.3388000000000002,0.105,7.04006,6.4,2705.6,14.13,-1.8780000000000001,188.48,260.386,42.22,0.31
Hf0.2Mo0.2Nb0.2Ti0.2Zr0.2,1803,1.518,6.71,4.6,17.39,-1.6,13.38,1.348,0.106,6.8277,2.2,2438.4,14.82,-3.592,75.49,240.82000000000005,48.47,0.3
Hf0.2Mo0.2Ta0.2Ti0.2Zr0.2,1600,1.524,6.5,4.6,17.39,-1.92,13.38,1.3328,0.101,7.053920000000001,6.28,2544.0,19.22,-2.364,161.86,243.56600000000003,48.03,0.32
Hf0.2Nb0.2Ta0.2Ti0.2Zr0.2,929,1.538,5.38,4.4,11.13,2.72,13.38,1.3208,0.087,6.987220000000001,6.54,2514.2000000000003,18.75,-3.208,106.06,200.12600000000003,22.95,0.46
Hf0.2Sc0.2Ti0.2Y0.2Zr0.2,793,1.6280000000000003,6.18,3.6,13.61,24.32,13.38,1.378,0.283,6.61312,3.39,2034.0,12.89,-4.526,35.17,114.36,59.3,0.35
Hf0.3333Ti0.3333Zr0.3333,773,1.579842,5.24,4.0,0.0,0.0,9.13,1.286538,0.093,6.76172376,1.34,2186.7812999999996,10.83,-5.339466,24.04,164.61687,11.13,0.33
Mo0.0294Nb0.2941Ti0.2941V0.0882Zr0.2941,932,1.491327,5.29,4.44,12.44,0.8,11.62,1.386915,0.059,6.750536319999998,1.42,2275.0638999999996,15.05,-3.531285999999999,51.56,196.23554999999996,32.62,0.42
Mo0.0417Nb0.4167Ti0.4167V0.125,932,1.446394,2.98,4.63,12.18,0.07,9.33,1.415142,0.048,6.80078515,1.04,2338.1688,16.71,-3.4656649999999996,62.45,218.31242,29.54,1.05
Mo0.0698Nb0.2326Ti0.2326V0.2326Zr0.2326,1289,1.4623840000000001,6.22,4.61,13.35,-1.26,12.83,1.4144700000000001,0.075,6.7676435,1.65,2285.5854,14.66,-2.653478,88.8,214.02685999999997,37.46,0.33
Mo0.0833Nb0.2778Ti0.2778V0.0833Zr0.2778,1312,1.485843,5.39,4.53,14.24,-0.28,12.32,1.391658,0.061,6.770157509999999,1.8,2309.4271999999996,15.64,-3.272273,63.19,211.10586,41.35,0.42
Mo0.1111Nb0.2222Ti0.2222V0.2222Zr0.2222,1473,1.458743,6.18,4.67,14.27,-1.78,13.14,1.416525,0.075,6.780099699999999,1.89,2311.7688000000003,15.16,-2.484196,97.9,225.05527,41.65,0.34
Mo0.1316Nb0.2632Ti0.2632V0.0789Zr0.2632,1301,1.4809459999999999,5.46,4.61,15.37,-1.14,12.65,1.395921,0.061,6.78781011,2.04,2340.2448,16.01,-3.0402549999999997,73.71,224.43271,45.45,0.42
Mo0.1428Nb0.1428Ti0.1428V0.4288Zr0.1428,1418,1.4199680000000001,6.33,4.86,13.14,-2.53,12.26,1.452888,0.078,6.79316696,1.96,2309.7972,14.32,-1.363528,180.86,243.15135999999998,39.85,0.31
Mo0.1489Nb0.2128Ti0.2128V0.2128Zr0.2128,1706,1.4561069999999998,6.13,4.72,14.95,-2.21,13.31,1.419075,0.074,6.794699799999998,2.07,2336.7961999999998,15.5,-2.330654,106.83,235.24173,44.04,0.35
Mo0.1667Nb0.1667Ta0.1667Ti0.1667V0.1667W0.1667,1515,1.426952,3.63,5.17,13.29,-4.22,14.9,1.4326197999999999,0.065,7.217409859999999,7.23,2779.3890999999994,21.61,-0.940188,302.92,314.049464,41.83,1.13
Mo0.1667Nb0.1667Ti0.1667V0.3333Zr0.1667,1538,1.433486,6.31,4.83,14.23,-2.67,12.98,1.440135,0.077,6.801685569999999,2.09,2335.0842999999995,15.04,-1.680389,150.54,245.59291,42.55,0.33
Mo0.175Nb0.25Ti0.25V0.075Zr0.25,1436,1.4762499999999998,5.5,4.68,16.12,-1.83,12.8,1.3995,0.062,6.802392499999999,2.21,2367.5,16.24,-2.83075,83.6,236.37499999999997,47.49,0.42
Mo0.1818Nb0.1818Ti0.1818V0.2726Zr0.1818,1735,1.441674,6.23,4.82,14.85,-2.71,13.25,1.4316749999999998,0.076,6.80529213,2.17,2350.4921999999997,15.43,-1.8807209999999999,135.51,247.07528999999997,44.12,0.34
Mo0.2105Nb0.2105Si0.1579Ta0.2105W0.2105,2483,1.418803,3.96,5.26,13.57,-28.27,13.33,1.4990184,0.188,7.54348708,7.21,2913.8356999999996,21.59,-0.653684,379.66,340.41527199999996,39.63,0.85
Mo0.2105Nb0.2105Ta0.2105Ti0.1579W0.2105,1304,1.442488,2.65,5.26,13.57,-5.54,13.33,1.4143839999999999,0.053,7.334506429999999,7.15,2953.3106999999995,18.76,-1.0089590000000002,292.07,339.88157,39.89,1.9
Mo0.2105Nb0.2105Ti0.2105V0.1579Zr0.2105,1708,1.457746,5.92,4.79,16.0,-2.7,13.33,1.4161769999999998,0.07,6.814711469999999,2.3,2380.5985,16.03,-2.2612829999999997,112.38,249.97973,46.81,0.38
Mo0.2222Nb0.2222Si0.1111Ta0.2222W0.2222,1883,1.424302,3.69,5.33,12.51,-22.71,13.14,1.4758524,0.164,7.509726730000001,7.18,2982.2572999999998,19.23,-0.5088380000000001,485.51,350.122762,37.69,0.97
Mo0.2222Nb0.2222Ta0.2222Ti0.1111W0.2222,1211,1.4409669999999999,2.69,5.33,12.51,-5.83,13.14,1.4163028,0.054,7.362685880000001,7.13,3010.0323,17.03,-0.758813,372.24,349.747244,37.89,1.82
Mo0.2222Nb0.2222Ti0.2222V0.1111Zr0.2222,1647,1.464298,5.73,4.78,16.44,-2.67,13.14,1.409859,0.066,6.8185514099999995,2.35,2392.8718000000003,16.23,-2.4164250000000003,104.36,251.16377000000003,47.83,0.4
Mo0.2326Nb0.2326Ti0.2326V0.0698Zr0.2326,1455,1.470524,5.53,4.77,16.82,-2.62,12.83,1.4047020000000001,0.062,6.82398858,2.39,2404.4294,16.39,-2.55417,97.76,252.28485999999998,48.68,0.42
Mo0.2353Nb0.2353Si0.0588Ta0.2353W0.2353,1826,1.4305910000000002,3.31,5.41,11.09,-15.61,12.71,1.450106,0.128,7.47274185,7.11,3059.0344,16.11,-0.346986,705.42,361.00841,35.39,1.16
Mo0.2353Nb0.2353Ta0.2353Ti0.0588W0.2353,1109,1.4394109999999998,2.72,5.41,11.09,-6.15,12.71,1.4185892,0.055,7.39492005,7.08,3073.7344000000003,14.76,-0.47928600000000005,553.68,360.809666,35.5,1.72
Mo0.2353Nb0.2353Ti0.2353V0.0588Zr0.2353,1776,1.471768,5.48,4.76,16.94,-2.6,12.71,1.402938,0.061,6.823525460000001,2.4,2406.8297000000002,16.43,-2.590078,96.09,252.51236000000003,48.9,0.42
Mo0.2453Nb0.1887Ti0.1887V0.1887Zr0.1887,1496,1.448636,5.98,4.87,15.97,-3.1,13.33,1.4248589999999999,0.071,6.82849523,2.38,2399.4803,15.99,-1.937583,133.65,261.12030999999996,46.53,0.37
Mo0.25Nb0.25Ta0.25Ti0.25,1210,1.4525,2.59,5.0,14.14,-3.0,11.53,1.3985,0.049,7.1423749999999995,6.29,2708.25,17.99,-1.0975,307.95,283.20750000000004,39.1,1.72
Mo0.25Nb0.25Ta0.25V0.25,1525,1.42,4.14,5.25,8.25,-3.25,11.53,1.4360000000000002,0.073,7.1219,6.52,2765.0,14.42,0.4125,538.68,299.7825,31.79,0.67
Mo0.25Nb0.25Ti0.25V0.25,1200,1.4149999999999998,3.76,5.0,14.14,-2.75,11.53,1.4475,0.058,6.856449999999999,2.04,2431.0,16.3,-1.73,156.86,275.325,41.11,0.82
Mo0.25Nb0.25Ti0.25Zr0.25,1592,1.48,5.12,4.75,17.46,-2.5,11.53,1.395,0.054,6.8283499999999995,2.45,2422.25,16.62,-2.785,87.47,254.0,50.05,0.44
Mo0.25Ta0.25Ti0.25V0.25,1221,1.4224999999999999,4.26,5.0,14.14,-2.75,11.53,1.4285,0.076,7.139225,6.33,2563.0,21.05,-0.1949999999999999,1644.87,278.7575,40.34,0.64
Mo0.2726Nb0.1818Ti0.1818V0.1818Zr0.1818,1603,1.446219,5.93,4.91,16.14,-3.31,13.25,1.4262209999999997,0.07,6.8367526199999995,2.44,2416.8491999999997,16.04,-1.8252719999999998,142.79,268.4367899999999,46.62,0.38
Mo0.2826Nb0.2174Ti0.2174V0.0653Zr0.2174,1603,1.465138,5.54,4.85,17.18,-3.2,12.73,1.408845,0.063,6.84089103,2.5,2435.8646000000003,16.39,-2.3128990000000003,111.57,266.04575,48.75,0.41
Mo0.2857Nb0.2857Re0.1429W0.2857,896,1.412855,2.29,5.86,10.9,-10.61,11.24,1.471435,0.059,7.363254410000001,7.08,3153.5864,12.7,-1.9573580000000002,122.57,440.49174300000004,29.89,2.14
Mo0.2983Nb0.1754Ti0.1754V0.1754Zr0.1754,1645,1.444235,5.87,4.95,16.24,-3.47,13.15,1.427757,0.07,6.84572734,2.49,2433.4955999999997,16.05,-1.720888,152.12,275.30911,46.52,0.38
Mo0.2Nb0.2Ta0.2Ti0.2V0.2,1400,1.43,3.93,5.0,12.65,-2.56,13.38,1.4248,0.069,7.06316,6.11,2598.6,18.77,-0.7720000000000001,400.55,272.30600000000004,37.24,0.87
Mo0.2Nb0.2Ta0.2Ti0.2W0.2,1343,1.444,2.61,5.2,14.39,-5.28,13.38,1.4128,0.053,7.3099,7.16,2902.6,20.12,-1.2340000000000002,245.97,331.04400000000004,41.6,1.96
Mo0.2Nb0.2Ti0.2V0.2Zr0.2,1706,1.452,6.06,4.8,15.59,-2.72,13.38,1.422,0.072,6.81194,2.25,2369.8,15.82,-2.122,120.2,248.94000000000005,45.86,0.36
Mo0.3124Nb0.2084Ti0.2084V0.0625Zr0.2084,1576,1.462038,5.53,4.9,17.3,-3.49,12.61,1.411377,0.062,6.851365909999999,2.55,2454.7476,16.35,-2.169891,120.68,274.25295,48.48,0.41
Mo0.3333Nb0.1667Ti0.1667V0.1667Zr0.1667,1765,1.441816,5.8,5.0,16.33,-3.67,12.98,1.4301389999999998,0.069,6.85934583,2.55,2456.7023,16.01,-1.578763,166.38,284.74391,46.15,0.39
Mo0.3333Nb0.3333Ti0.3333,1100,1.4398559999999998,2.47,5.0,16.33,-3.55,9.13,1.4198579999999998,0.037,6.892477349999999,2.08,2521.0812,16.68,-2.483085,110.64,290.83758,43.65,1.5
Nb0.25Ta0.25Ti0.25W0.25,1054,1.4575,2.02,5.0,14.14,-4.5,11.53,1.3984999999999999,0.049,7.364275,7.77,2905.75,22.47,-1.8275,170.9,297.88,45.29,2.83
Nb0.25Ta0.25Ti0.25Zr0.25,1144,1.505,3.71,4.5,11.11,2.5,11.53,1.361,0.036,7.02775,7.15,2517.0,20.93,-2.3049999999999997,139.87,203.1325,25.06,0.84
Nb0.25Ta0.25V0.25W0.25,1530,1.425,3.99,5.25,8.25,-4.5,11.53,1.436,0.073,7.3438,8.06,2962.5,19.26,-0.3175,736.9,314.45500000000004,38.34,0.72
Nb0.25Ti0.25V0.25Zr0.25,1104,1.4674999999999998,6.27,4.5,11.11,-0.25,11.53,1.4100000000000001,0.076,6.7418249999999995,1.03,2239.75,13.48,-2.9375,74.64,195.24999999999997,22.2,0.29
Nb0.2Ta0.2Ti0.2V0.2W0.2,1420,1.434,3.76,5.0,12.65,-3.68,13.38,1.4248,0.069,7.24068,7.85,2756.6,23.79,-1.356,217.43,284.04400000000004,43.59,0.95
Nb0.2Ta0.2Ti0.2V0.2Zr0.2,1395,1.472,5.63,4.6,10.65,0.32,13.38,1.3948,0.075,6.97146,6.65,2445.6,20.13,-1.738,178.28,208.24600000000004,22.41,0.42
Nb0.2Ti0.2V0.4Zr0.2,918,1.442,6.71,4.6,10.65,-1.28,11.08,1.434,0.084,6.74272,0.92,2223.8,12.23,-2.244,107.04,201.94,20.31,0.25
Nb0.303Re0.0909Ti0.303Zr0.303,1244,1.4971229999999998,4.87,4.58,19.4,-7.27,10.84,1.3907699999999998,0.075,6.843254999999999,4.92,2373.9747,19.95,-4.289873999999999,27.15,223.54128,59.0,0.46
Nb0.303Ta0.0909Ti0.303Zr0.303,882,1.508031,4.05,4.39,11.13,2.64,10.84,1.3665905999999999,0.037,6.844163999999999,4.96,2357.2491,18.54,-3.4426859999999997,66.22,191.00180699999999,25.13,0.66
Nb0.303Ti0.303V0.0909Zr0.303,866,1.494396,5.22,4.39,11.13,1.43,10.84,1.384407,0.058,6.740201669999999,1.14,2256.441,14.63,-3.672663,45.03,188.13573,23.7,0.4
Nb0.3333Ta0.3333Ti0.3333,573,1.4731859999999999,0.85,4.67,10.09,1.33,9.13,1.3745292,0.031,7.158317429999999,7.23,2647.4019,20.75,-1.843149,195.65,223.021029,19.39,12.64
Nb0.375Ta0.2501Ti0.2501Zr0.1249,822,1.487636,2.96,4.63,10.46,2.12,10.98,1.3723893999999999,0.035,7.04418343,6.99,2594.3077,19.61,-2.228626,143.49,216.04792300000003,21.78,1.25
